"Slug",":draft","Feature Name","Feature Description (brief)","Feature Image","Feature Image:alt","Feature Image Alt Text","Display Feature","Feature Page","H1 (Hero Heading)","Hero Subheading","Long Body","SEO Title","SEO Description","Tags","Feature Image Description","Keywords","OG Title","OG Description","OG Image Alt","Primary CTA Text","Primary CTA URL","Secondary CTA Text","Secondary CTA URL","Bullets","Internal Links","Schema Type","Order","FAQ Q1","FAQ A1","FAQ Q2","FAQ A2","FAQ Q3","FAQ A3","Video - Loom Embed Code"
"task-management","false","Task Management","<p>Stream automatically surfaces tasks from your visit — follow-ups, reminders, actions — and organizes them in a central task list for your practice. Resolve them manually and they’ll carry forward until completed.</p>","https://framerusercontent.com/images/hCXq0w9WWyrK6XeAb55fnwQs5QA.png","","Illustration of Stream listening to a clinician and automatically generating a task list from the encounter.","true","true","Tasks That Surface Themselves","Let Stream listen, extract actionable items, and organize what needs to happen next — so you never lose track of follow-ups or important clinical steps.","<p>In clinical care, the hard part isn’t always deciding what to do — it’s making sure it actually gets done. Between follow-up steps, administrative tasks, care coordination, and the realities of visit-to-visit documentation, important clinical details can easily slip through the cracks.</p><p><strong>Stream’s Task Management feature eliminates that cognitive burden.</strong></p><h3><strong>Stream listens and identifies actionable items automatically</strong></h3><p>Whether you’re speaking naturally, typing into the Scratchpad, or documenting through templates, Stream identifies and surfaces the next steps implied by your visit — follow-ups to schedule, instructions to carry out, reminders to address at the next visit, or actions to complete outside the room.</p><p>There’s no setup required. No triggers to define. No special syntax.</p><p>If you say it, Stream captures it.</p><p><br></p><h3><strong>A unified task list for your practice</strong></h3><p>Stream gathers all identified tasks in a dedicated Task Manager page, filterable by provider. This gives your entire practice a single source of truth for clinical and administrative follow-ups — a view that’s far easier to manage than a mix of sticky notes, inbox messages, or EHR reminders.</p><p><br></p><h3><strong>Tasks carry forward until you complete them</strong></h3><p>Every task persists across encounters until you mark it resolved. If you don’t complete the task today, it will still appear the next time you see the patient.</p><p>This reduces the mental overhead of remembering what needs to happen at future visits.</p><p>It also prevents important gaps in follow-up care.</p><p><br></p><h3><strong>Simple resolution, clean workflows</strong></h3><p>Tasks are manually resolved with a single action. No automatic clearing, no hidden logic — you maintain full control.</p><p><br></p><h3><strong>Designed for Stream Pro</strong></h3><p>Tasks depend on Stream’s longitudinal memory, context loading, and continuity model. Because of this, Task Management is available exclusively in <strong>Stream Pro</strong>.</p>","Task Management in Stream — Automatically Surface Clinical Follow-Ups","Stream Pro automatically identifies tasks and follow-ups from your visit and keeps them organized in a central task list. Reduce cognitive load and never lose track of what needs to happen next.","care-coordination,collaborative-care,longitudinal-care,beyond-the-scribe,ai-assistant","🎨 Feature Image Description (16:9 Hero Figure)  Concept: Show Stream identifying tasks from a visit and generating a clear, organized task list — visualizing the feeling of “Stream surfaces what you need to do next.”  ⸻  Layout & Composition — 16:9  Left Side (Human Interaction) 	•	Minimal, gender-neutral clinician silhouette in soft gray. 	•	Holding a tablet angled toward the center. 	•	Three soft Stream-blue (#3A7AFE) voice waves emerging from the tablet, indicating that Stream is listening.  Center — “Extraction Pipeline” Visual 	•	A soft curved Stream-blue arrow flowing from the clinician’s tablet toward the right. 	•	Along the arrow: 2–3 faint floating icons representing task types: 	•	Clipboard (administrative) 	•	Calendar (follow-up) 	•	Exclamation bubble (action item) 	•	All icons minimal, low opacity, symbolic rather than literal.  Right Side — Task List Card  A floating stylized card labeled “Tasks”, with: 	•	Stream-blue header: Tasks 	•	3–4 task rows: 	•	Gray task bullet 	•	Short gray filler lines (no text) 	•	A checkbox on the right (empty) 	•	Rounded corners (12–16px) 	•	Soft drop shadow (y=8, blur=24, opacity≈15%) 	•	No PHI, no real task names  Design 	•	White → soft gray gradient background 	•	Stream-blue accents 	•	Flat vector style 	•	High whitespace  Mood: Calm, structured, intelligent. Visually communicates: “Stream extracts tasks automatically.”","","Task Management — Stream Surfaces What Matters Next","Stream listens for actionable items, turns them into tasks, and carries them forward until resolved — so nothing falls through the cracks.","Illustration of Stream automatically generating clinical tasks from an encounter.","Try Stream Pro","stream.riverrecords.ai/onbaord/pro","See All Features","/features","<ul><li data-preset-tag=""p""><p>Automatically identifies actionable follow-ups and tasks</p></li><li data-preset-tag=""p""><p>Central task list filtered by provider</p></li><li data-preset-tag=""p""><p>Surfaces tasks regardless of how they were mentioned</p></li><li data-preset-tag=""p""><p>Tasks persist across visits until manually resolved</p></li><li data-preset-tag=""p""><p>Reduces cognitive load across episodes of care</p></li><li data-preset-tag=""p""><p>Exclusive to Stream Pro</p></li></ul>","","","0","How does Stream decide which tasks to create?","Stream listens to your visit and identifies actionable follow-ups, reminders, and next steps automatically. Anything you mention — through dictation, conversation, templates, or scratchpad — can be turned into a task.","Do tasks appear in future visits?","Yes. Tasks persist until you manually resolve them, so they will reappear at the next encounter to ensure important follow-ups aren’t lost.","Are tasks problem-based?","Not yet. Current tasks are general encounter- or patient-level items. Problem-level task tracking will come later as part of Stream’s evolving longitudinal system.",""
"quick-encounter","false","Quick Encounter","<p><strong>Quick Encounter — Fast Notes When Context Isn’t Needed</strong></p>","https://framerusercontent.com/images/qicqaETIrbW1141rOQS6K7PM.png","","Clinician speaks to AI scribe in Quick Encounter and documentation is done in an instant. ","true","true"," Quick Encounter — Fast Notes When Context Isn’t Needed","Use Stream’s lightweight mode for urgent visits, telemedicine, and short encounters where continuity doesn’t matter — and speed does.","<p>Not every encounter needs Stream’s full memory.</p><p>Sometimes, you just need the note done — quickly, clearly, and once.</p><p><strong>Quick Encounter</strong> is Stream’s built-in “Lite Mode.” It’s powered by the same voice capture and transcription intelligence as Stream, but built for <em>single encounters</em> where long-term context or problem continuity aren’t required.</p><p>Use Quick Encounter to dictate, transcribe, or instruct — and get structured notes instantly. No setup, no configuration, no carryover.</p><p>It’s ideal for:</p><ul><li data-preset-tag=""p""><p>Urgent care or walk-in visits</p></li><li data-preset-tag=""p""><p>Brief telemedicine encounters</p></li><li data-preset-tag=""p""><p>Procedural follow-ups</p></li><li data-preset-tag=""p""><p>One-time specialist consultations</p></li></ul><p>Each note stands on its own, using your template of choice — but still benefits from Stream’s accuracy and structure.</p><h3><strong>Key Benefits</strong></h3><ul><li data-preset-tag=""p""><p><strong>Fast Documentation</strong>: Capture your encounter naturally. Quick Encounter delivers finished notes in seconds.</p></li><li data-preset-tag=""p""><p><strong>Natural Input</strong>: Speak, dictate, or type. Stream interprets and structures your words automatically.</p></li><li data-preset-tag=""p""><p><strong>Custom Templates</strong>: Use any specialty- or visit-specific template — the same ones you already use in Stream.</p></li><li data-preset-tag=""p""><p><strong>No Carryover Context</strong>: Notes are self-contained, ideal for visits that don’t require continuity or follow-up.</p></li></ul><h3><strong>Why It Matters</strong></h3><p>Even within a continuity-based system, clinicians often balance two realities:</p><ul><li data-preset-tag=""p""><p>Some visits build on months of context.</p></li><li data-preset-tag=""p""><p>Others are quick, isolated, and transactional.</p></li></ul><p>Quick Encounter allows Stream to flex between these modes seamlessly — giving you full power when you need context, and pure speed when you don’t.</p><p>This duality means Stream adapts to <em>your</em> workflow, not the other way around.</p>","Quick, flexible AI medical scribe to match your urgent care and televisit documentation needs. ","Quick Encounter by Stream delivers rapid AI medical documentation for single visits. Dictate or type, and Stream instantly generates clear, complete notes without setup or redocumentation. Ideal for urgent care, telehealth, and short follow-up visits.","ai-medical-scribe,medical-documentation","","","","","","Try Out Quick Encounter in Stream","stream.riverrecords.ai/onboard","Reach Out With Questions","mailto:hello@riverrecords.ai","<ul><li data-preset-tag=""p""><p>Flexible, simple, AI drafted medical documentation</p></li><li data-preset-tag=""p""><p>Your notes done in an instant</p></li></ul>","","","0","How is Quick Encounter different from Stream Pro?","Quick Encounter is Stream’s lightweight documentation mode designed for single visits that don’t require longitudinal tracking or memory. It uses the same transcription and structured note generation engine as Stream Pro but skips context loading — making it faster for urgent care, telehealth, or one-time consultations.","Can I still use my custom templates with Quick Encounter?","Yes. Quick Encounter supports custom, unstructured templates that reflect the entirety of the visit. You can dictate naturally or type notes into your preferred format — SOAP, narrative, or specialty-based — and Stream will generate a complete note using your chosen layout or custom templated instructions. ","When should I use Quick Encounter instead of Stream Pro?","Use Quick Encounter when continuity isn’t essential — for example, short-term or episodic visits like acute illness, or urgent care. Stream Pro is best for longitudinal care, where memory and prior context improve accuracy and efficiency over time.",""
"templates","false","Templates","<p>Create, edit, and reuse templates across every note style—from problem-based SOAP sections to encounter-level notes. Stream adapts to your preferred documentation workflow.</p>","https://framerusercontent.com/images/PQ7zgGP7ZXhBZmH02rtsJBY2iBI.png","","Illustration showing customizable medical note templates in Stream, including Subjective, Objective, Assessment & Plan, and problem-based SOAP cards.","true","true","Templates That Work the Way You Do","Stream lets you design templates that fit your specialty, visit type, and preferred chart structure—from single-problem SOAP notes to full encounter summaries.","<p>Stream’s template system gives you control without friction.</p><p>You can design templates for any part of the documentation process:&nbsp;</p><p>• <strong>Subjective</strong> – customize how patient narratives appear, whether bullet-pointed symptoms or structured HPI subsections.</p><p>• <strong>Objective</strong> – capture exams, vitals, labs, or imaging details with reusable formatting.</p><p>• <strong>Assessment &amp; Plan</strong> – standardize your reasoning, differential language, and management plans for consistency across visits.&nbsp; </p><p>For clinicians who prefer problem-oriented documentation, Stream also supports full <strong>problem-based templates</strong>—SOAP cards written entirely about one medical issue. Each card can inherit its own structure and style.</p><p>You can move seamlessly along the spectrum—from fully problem-based notes (SOAP per problem) to encounter-based notes (S/O/A grouped by visit). Even in encounter mode, Stream can still apply <strong>problem-specific mini-templates</strong>, ensuring consistent organization and carry-forward structure.</p><p>Templates are reusable, editable, and stored securely inside your workspace. Once you’ve created one, simply select it—or let Stream auto-apply it based on visit type or specialty context.</p><p>The result: documentation that’s faster, cleaner, and consistently reflects how <em>you</em> think.</p>","Customizable Clinical Documentation Templates","Build reusable medical note templates for Subjective, Objective, Assessment & Plan, or problem-based SOAP sections. Stream adapts to every clinician’s documentation style.","","A flat-style digital illustration showing Stream’s flexible note template system—three blue cards labeled Subjective, Objective, Assessment & Plan, connected to a problem-specific SOAP card titled “Hypertension Template.” Clean white background, rounded corners, and Stream-blue accents.","","Stream Templates — Custom Medical Note Templates","Create structured templates for Subjective, Objective, and Assessment & Plan sections—or build full problem-based SOAP cards. Stream adapts to your workflow.","Stream UI cards representing editable clinical documentation templates for problem-based and encounter-based notes.","Try Stream","stream.riverrecords.ai/onboard","Explore All Features","/features","<ul><li data-preset-tag=""p""><p>Customize Subjective, Objective, and Assessment &amp; Plan sections to your workflow.</p></li><li data-preset-tag=""p""><p>Problem-specific templates allow clinical context to drive documentation</p></li><li data-preset-tag=""p""><p>Auto-Applied: Save templates once and let Stream select the right one for each visit.</p></li><li data-preset-tag=""p""><p>Change your default notes to use your templates every time</p></li><li data-preset-tag=""p""><p>Adaptive templating: use if/then logic to have Stream write documentation adapting to your workflows</p></li></ul>","","","0","Can I use different templates for different visit types?","Yes. Stream lets you create multiple templates and link them to visit types, specialties, or problems. You can switch or edit them anytime.","How are problem-based templates different from encounter templates?","Problem-based templates structure documentation around each medical problem (SOAP per problem), while encounter templates group information into S/O/A sections for the entire visit. Both styles can coexist.","Can I share templates with colleagues?","Absolutely. Templates can be shared across your organization, so teams maintain consistent structure while still allowing individual customization.",""
"transcribe-dictate-instruct","false","Transcribe, Dictate, Instruct","<p>Real-time voice capture that builds structured, problem-based notes automatically.</p>","https://framerusercontent.com/images/GZoLzPZQ1EYff6VpOUlEb4d69g.png","Illustration showing both voice and text inputs flowing into a structured Stream documentation card, symbolizing dictation, transcription, and instruction-based control.","Illustration showing both voice and text inputs flowing into a structured Stream documentation card, symbolizing dictation, transcription, and instruction-based control.","true","true","Transcribe, Dictate, Instruct — Your Voice as Prompt & Context","Speak naturally. Stream transcribes and structures your note in real time — your voice doubles as the prompt and the context.","<p>You can work with Stream the way you work best — by speaking, typing, or both.</p><p>Whether you prefer to <strong>dictate naturally</strong> or <strong>give direct instructions</strong>, Stream turns your input into structured, problem-based documentation automatically. There are no rigid commands or templates to memorize — just a conversation that turns into a note.</p><p>You might say:</p><blockquote><p>“Add this under the asthma plan, not the pneumonia plan.”</p></blockquote><blockquote><p>“Document everything under mild asthma exacerbation.”</p></blockquote><blockquote><p>“Draft a message I can send to the patient detailing inhaler use and put it under the plan.”</p></blockquote><p>Stream listens and acts. It places information exactly where it belongs, at the right level of detail, under the right problem.</p><p>You can also <strong>type into Stream’s scratchpad</strong> if you prefer text-based input. Drop in your notes, lab results, or updates — Stream understands both the content and your intent. Write instructions like:</p><blockquote><p>“Add this to diabetes: A1C from today is 7.4.”</p></blockquote><p>Stream doesn’t just transcribe; it interprets and structures.</p><p>And if you use <strong>templates</strong>, you can instantly pull in reusable clinical instructions tailored to the context — for example, your preferred documentation pattern for chronic care visits or asthma follow-ups.</p><p>There’s no limit to what you can say or write.</p><p>Your voice, your notes, your system — Stream adapts to your practice.</p>","AI Medical Scribe with Voice Commands & Context | Stream by River Records","Stream listens, transcribes, and structures notes automatically. Dictate naturally and use your voice as the prompt for organized documentation.","ai-medical-scribe,medical-documentation,stream-by-river-records,problem-based-charting,medical-dictation-ai","Clinician speaking with subtle voice waves; floating Stream UI card builds SOAP sections (HPI, Assessment, Plan) with a live blue transcription line under HPI.","<p>ai medical scribe; medical dictation ai; speech to structured note; real time transcription; problem-based charting</p>","Transcribe, Dictate, Instruct — Your Voice as Prompt & Context","Dictate naturally and let Stream transform speech into organized, problem-based notes.","Clinician dictating while Stream builds a structured SOAP note (HPI, Assessment, Plan).","Instruct your Artificial Intelligence","stream.riverrecords.ai/onboard/pro","See how it works","https://www.riverrecords.ai/how-it-works","<ul><li data-preset-tag=""p""><p>Real-time medical transcription</p></li><li data-preset-tag=""p""><p>Voice as prompt for actions</p></li><li data-preset-tag=""p""><p>Automatic SOAP and problem placement</p></li><li data-preset-tag=""p""><p>Inline edits and corrections</p></li><li data-preset-tag=""p""><p>Saves minutes per visit</p></li></ul>","clinical-context-continuity; administrative-automation; problem-based-organization","WebPage","1","Can I give Stream plain-language instructions?","Yes. Use natural commands like “Add this to diabetes” or “Summarize today’s visit for the referral.” Stream interprets and files content correctly.","How accurate is the medical transcription?","Stream uses medical-tuned speech recognition and shows a live view so you can correct on the fly.","Does dictation lock me into a template?","No. Stream organizes by problems and SOAP sections automatically; you remain in control of structure.",""
"22-language-support","false","22 Language Support","<p>Multilingual capture and summaries for global and diverse clinics.</p>","","","Multilingual capture concept with language chips around a structured note.","true","false","22-Language Support — Understand More Patients, Seamlessly","Speak with patients in their language. Stream supports 22 languages for capture and documentation.","<p>Stream can capture and summarize across 22 languages, then generate structured English documentation or your preferred output. Ideal for multilingual patient populations and international teams.</p>","AI Scribe with 22-Language Support | Stream","Capture in 22 languages and produce structured documentation.","","Globe or translation icons around a note card; language chips such as EN, ES, FR, PT, AR, ZH.","<p>ai medical scribe multilingual; 22 language support; translation; international clinics</p>","22-Language Support — Understand More Patients, Seamlessly","Capture and summarize across 22 languages.","Language chips around a structured note card.","Start 30-day free trial","https://www.riverrecords.ai","","","<ul><li data-preset-tag=""p""><p>Capture in 22 languages</p></li><li data-preset-tag=""p""><p>Document in English</p></li><li data-preset-tag=""p""><p>Problem-oriented structure kept</p></li><li data-preset-tag=""p""><p>Great for diverse clinics</p></li><li data-preset-tag=""p""><p>Reduce interpreter friction</p></li></ul>","transcribe-dictate-instruct; patient-problem-summaries","WebPage","10","Are translations verbatim?","They are faithful clinical summaries, not legal translations; you can review and edit.","Which languages are supported?","A broad list including EN, ES, FR, PT, DE, IT, ZH, JA, KO, and AR among others.","Can I keep the note in the patient's language?","Yes. Choose your output language in settings.","<div><iframe src=""https://www.loom.com/embed/1a5adbddc8994ed18767cc3934588eec"" frameborder=""0"" webkitallowfullscreen mozallowfullscreen allowfullscreen style=""position: absolute; top: 0; left: 0; width: 100%; height: 100%;""></iframe></div>"
"scratchpad","false","Scratchpad","<p>Capture first; organize later — without losing structure.</p>","","","Scratchpad card with Send to routing chips.","true","false","Scratchpad — Capture a Note, Then File It Cleanly","Capture your ideas and let Stream file them into the right problem.","<p>Use the Scratchpad for quick thoughts you have when you're with a patient or use it to  updates, and bedside reminders. When ready, send items into the correct problem or section with one click. Stream preserves structure on the way in.</p>","Scratchpad for Clinicians | Stream","Capture thoughts privately and route them into the chart when ready.","","Notepad UI with Send to: Hypertension or A&P or Next visit control.","<p>clinical scratchpad; bedside notes; quick capture; route to problem</p>","Scratchpad — Think Out Loud, Then File It Cleanly","Private capture with one-click routing into the chart.","Scratchpad with routing chips to problems and sections.","Start 30-day free trial","stream.riverrecords.ai/onboard/pro","","","<ul><li data-preset-tag=""p""><p>Private jot space</p></li><li data-preset-tag=""p""><p>Your captured notes get prioritized by Stream</p></li><li data-preset-tag=""p""><p>Persistent memory of scratchpad</p></li></ul>","transcribe-dictate-instruct; problem-based-organization; collaborative-threads","WebPage","8","Is Scratchpad part of the record?","Not until you send items into a problem or note.","Can I share a scratch?","Yes, by mention in a thread or by filing it into a shared problem.","Does it keep edit history?","Yes. Changes are tracked when you file content.",""
"collaborative-threads","false","Collaborative Threads","<p>In-chart, problem-linked conversations for teams.</p>","https://framerusercontent.com/images/v31wblVypnzoESX7gZmyURVb18s.png","Illustration showing multiple clinicians contributing updates to a shared hypertension problem thread in Stream, symbolizing collaborative and continuous documentation.","Problem-linked conversation thread with avatars and resolved checkmarks.","true","true","Collaborative Threads — Keep Everyone on the Same Page","Lightweight discussion around problems and encounters — linked to the chart, not buried in email.","<p>In Stream, documentation isn’t owned by a single author — it’s a shared thread of care.</p><p>When multiple clinicians care for the same patient, the story shouldn’t reset with every encounter. Stream allows collaboration at the level that matters most: the medical problem. Each problem — whether it’s hypertension, anxiety, or back pain — becomes its own living thread that can be updated, expanded, or clarified by anyone on the care team.</p><p>This means a clinician seeing the patient today doesn’t just review the last note — they continue the same clinical thread.</p><p>The most recent assessment and plan remain visible and editable, so context is never lost and the story always moves forward.</p><p>Whether a pharmacist updates medication management, a specialist refines the plan, or a primary care provider summarizes the overall trajectory, Stream ensures everyone contributes to the same, problem-based narrative — not a scattered set of disconnected notes.</p><p>Collaborative Threads turn documentation into a team sport: fluid, traceable, and organized around patient reality instead of provider silos.</p><p>When each clinician contributes to a shared record that remembers where the last left off, continuity becomes effortless — and collaboration becomes the default.</p>","Collaborative Threads for Care Teams | Stream","Discuss within the chart and keep the clinical thread intact.","","Illustration showing multiple clinicians contributing updates to a shared hypertension problem thread in Stream, symbolizing collaborative and continuous documentation.","<p>care team collaboration; problem-linked discussion; handoffs</p>","Collaborative Threads — Keep Everyone on the Same Page","Problem-linked conversation that becomes part of the record.","Conversation thread attached to a problem card.","Start Collaborating Today","stream.riverrecords.ai/onboard/pro","See collaboration demo","","<ul><li data-preset-tag=""p""><p>Problem-linked comments</p></li><li data-preset-tag=""p""><p>Resolve and archive</p></li><li data-preset-tag=""p""><p>Handoff friendly • Context aware</p></li></ul>","clinical-context-continuity; patient-problem-summaries; scratchpad","WebPage","4","Does this replace our inbox?","No. Threads keep clinical context where it belongs; they complement your existing messaging tools.","Can I see who last updated a problem? ","Yes. Each problem update is appropriately attributed and time stamped. ","Can threads be summarized? ","Yes. Threads can be summarized over time and copied out to your EHR if needed. ",""
"real-time-capture","false","Real Time Capture","<p>Live capture during the visit for true end-of-day relief.</p>","","","Clinician capturing in real time while Stream structures the note.","true","false","Real-Time Capture — Finish Notes Before You Leave the Room","Capture as you go: Stream listens during the encounter and structures the note immediately.","<p>Use Stream alongside the visit. Speak naturally, let Stream structure, and finalize with quick edits. Reduce pajama time by finishing the note before the next patient.</p>","Real-Time AI Scribe Capture | Stream","Finish notes during the visit with live, structured capture.","","Clinician and patient with a small live-capture indicator; UI card building lines in real time.","<p>real time ai scribe; live capture; reduce after hours charting; faster notes</p>","Real-Time Capture — Finish Notes Before You Leave the Room","Capture during the visit; leave with notes done.","Live capture indicator and structured note card.","Start 30-day free trial","https://www.riverrecords.ai","","","<ul><li data-preset-tag=""p""><p>Live encounter transcription</p></li><li data-preset-tag=""p""><p>Immediate structure</p></li><li data-preset-tag=""p""><p>One-tap finalize</p></li><li data-preset-tag=""p""><p>Inline corrections</p></li><li data-preset-tag=""p""><p>Time back at the end of day</p></li></ul>","transcribe-dictate-instruct; clinical-context-continuity","WebPage","6","Is live capture allowed in my clinic?","Stream supports consent workflows; follow your organization's policies.","What if the room is noisy?","Medical-tuned models handle typical clinic noise; you can also dictate after the visit.","Can I switch from live to dictation?","Yes. Seamlessly continue as a dictation with full structure preserved.",""
"record-ingestion","false","Record Ingestion","<p>Turn outside documents into usable, structured context.</p>","https://framerusercontent.com/images/XAwI64BDb35nkhAU38kXpXZUyU.png","Illustration showing PDF, referral letter, and fax icons flowing through a blue funnel into organized problem cards labeled Hypertension, Asthma, and Diabetes, representing Stream’s Record Ingestion feature.","Illustration showing PDF, referral letter, and fax icons flowing through a blue funnel into organized problem cards labeled Hypertension, Asthma, and Diabetes, representing Stream’s Record Ingestion feature.","true","true","Record Ingestion — Bring Outside Docs Into Order","Upload or forward records; Stream ingests, extracts problems, and prepares summaries or updates.","<p>Every clinician knows the feeling — a new patient arrives with years of records from outside systems: scanned PDFs, faxed letters, printouts from old EHRs. You spend half the visit scrolling, searching, and summarizing before you can even begin to plan care.</p><p>Stream’s <strong>Record Ingestion</strong> feature is designed to fix that.</p><p>Simply upload a PDF or paste text from any outside record, and Stream automatically extracts the relevant information — problems, medications, key findings — and files each item into the right <strong>problem buckets</strong> for you.</p><p>Discharge summaries, referral letters, and old consult notes become structured, problem-linked documentation that you can actually use. The next time you see the patient, you’re not digging through attachments — you’re continuing the story from where someone else left off.</p><p>This feature will also form the foundation of Stream’s <strong>Chart Builder</strong>, allowing you to reconstruct a patient’s longitudinal record even when they come from multiple external systems.</p><p>And soon, you’ll even be able to <strong>fax directly into Stream</strong> — sending outside documents straight into the problem-based charting system for instant processing. (We’re gauging early interest in this — stay tuned.)</p><p>With Record Ingestion, Stream turns information overload into structured, usable context — bringing clarity back to every handoff, every referral, and every new patient you meet.</p>","Record Ingestion & Summarization | Stream","Convert outside records into problem-oriented context and summaries.","","Funnel of files (PDF, fax, letter) flowing into organized problem cards and a patient summary.","<p>ai record ingestion; medical document processing; pdf to summary; fax ingestion</p>","Record Ingestion — Bring Outside Docs Into Order","From PDFs and faxes to clean, problem-based context.","Files funneling into organized problem cards and summary.","Join the waitlist!","mailto:jacob@riverrecords.ai","Start 30 Day Free Trial","stream.riverrecords.ai/onboard/pro","<ul><li data-preset-tag=""p""><p>PDF and fax ingestion</p></li><li data-preset-tag=""p""><p>Problem extraction</p></li><li data-preset-tag=""p""><p>Auto summaries</p></li><li data-preset-tag=""p""><p>Proposed updates</p></li><li data-preset-tag=""p""><p>Include in notes automatically only as needed</p></li></ul>","patient-problem-summaries; problem-based-organization; clinical-context-continuity","WebPage","7","Does Stream store the original documents?","Yes, per your organization's retention settings; extracted context is linked to the source.","Can I review extracted items before applying?","Yes. You approve suggested updates before they appear in the chart.","Does this replace my EHR’s media tab?","No. Stream organizes content for documentation; originals can remain in your EHR's repository.",""
"unlimited-recordings","false","Unlimited Recordings","<p>Unlimited, flexible capture so nothing gets lost.</p>","","","Stack of recording tiles with infinity icon feeding organized problem cards.","true","false","Unlimited Recordings — Capture Without Worry","No caps. Record freely across visits, calls, or dictations and organize later.","<p>Record as much as you need. Stream organizes and retains per policy. Ideal for complex visits, long consults, and multidisciplinary care.</p>","Unlimited Recordings | Stream","Capture without limits. Organize when you are ready.","","Stack of recording tiles with an infinity symbol and an organize arrow pointing to problem cards.","<p>unlimited recordings; long consults; capture everything; organize later</p>","Unlimited Recordings — Capture Without Worry","No caps on recordings. Organize into problems when ready.","Stack of recordings feeding organized problem cards.","Start 30-day free trial","stream.riverrecords.ai/onboard","","","<ul><li data-preset-tag=""p""><p>Unlimited audio capture, before, during, and after your visits</p></li><li data-preset-tag=""p""><p>Organize later</p></li><li data-preset-tag=""p""><p>Great for complex care</p></li><li data-preset-tag=""p""><p>Start recording today</p></li></ul>","real-time-capture; scratchpad; record-ingestion","WebPage","9","Are there storage limits?","There is effectively no hard cap for typical clinics; retention follows policy and plan.","Does longer recording hurt accuracy?","No. Stream processes in segments and maintains structure. The more context and instruction you provide, the better Stream can meet your needs. ","Can I split one recording into multiple problems?","Yes. Record as much or as little as you like and Stream structures everything for you. ",""
"clinical-context-continuity","false","Clinical Context & Continuity","<p>Persistent context across encounters for smarter follow-ups and instant summaries.</p>","https://framerusercontent.com/images/XR91IzV63a56LX9YRNthmk8i6xs.png","Stream timeline illustrating clinical continuity with Past, Recent, and Today visits connected by a blue line, leading to a Hypertension card showing organized sections for problems, medications, recent changes, and next steps.","Timeline of visits feeding a Stream Chart Summary card showing Problems, Meds, Recent Changes, Next Steps.","true","true","Clinical Context & Continuity — Memory Built In","Stream remembers what you shouldn’t have to: problems, meds, and changes across visits for faster reviews and better handoffs.","<p>Every encounter builds on the last. Yet in most EHRs, every note feels like starting over — disconnected from what came before and unaware of what comes next.</p><p>Stream changes that by making continuity an invisible part of the workflow. Each medical problem — hypertension, asthma, diabetes, depression — carries its own thread of context across time. When you open a new note and select the problems to address, Stream automatically retrieves the relevant prior documentation for each one.</p><p>That means your “Hypertension” section today doesn’t begin with a blank space — it begins with memory.</p><p>Stream references your last documentation for that problem and uses it as context to help generate more complete, more accurate, and more consistent notes.</p><p>Instead of retyping old plans, you simply confirm or adjust what’s changed. Stream carries forward the right details — active meds, recent assessments, ongoing plans — while leaving out what’s outdated.</p><p>The result is a note that feels <em>current and continuous</em>, not copy-pasted.</p><p>This problem-based continuity also helps Stream learn your style. Because Stream can see how you phrased things before, your documentation stays consistent — across visits, across patients, across time.</p><p>And when you or a colleague review the chart, each problem reads as one living narrative:</p><p>a clear, concise, longitudinal record of care.</p><p>In medicine, context is everything. Stream keeps it where it belongs — <strong>right beside the problem itself.</strong></p>","Clinical Context & Continuity in AI Medical Scribes | Stream","Stream’s persistent context keeps notes coherent across visits for faster review and safer care.","","Stream timeline showing past, recent, and current visits connected by context, leading to a problem card that summarizes medications, recent changes, and next steps.","<p>ai scribe memory; longitudinal documentation; clinical continuity; chart summary; follow-up efficiency</p>","Clinical Context & Continuity — Memory Built In","Pick up where you left off. Stream keeps the clinical thread intact between visits.","Timeline feeding a concise Chart Summary with Problems, Meds, Recent Changes, Next Steps.","Build Context for Yourself","stream.riverrecords.ai/onboard/pro","See a sample summary","","<ul><li data-preset-tag=""p""><p>Persistent problem memory</p></li><li data-preset-tag=""p""><p>Instant chart summaries</p></li><li data-preset-tag=""p""><p>Faster handoffs</p></li><li data-preset-tag=""p""><p>Fewer duplications and errors</p></li><li data-preset-tag=""p""><p>Clear what-changed view (coming soon!)</p></li></ul>","transcribe-dictate-instruct; patient-problem-summaries; show-diffs-micro-updates; problem-based-organization","WebPage","2","Does Stream keep a running problem history?","Yes. Stream maintains problem-oriented context and surfaces what is new versus what is persistent.","How does this help during handoffs?","Covering clinicians get a one-click summary of active problems and the latest plan updates.","Can I export the summary?","Yes. Generate a shareable summary for referrals or care coordination.",""
"administrative-automation","false","Administrative Tasks","<p>Automation for coding (ICD-10 &amp; CPT), problem summaries, referrals, and letters — generated from the note with clinician oversight.</p>","https://framerusercontent.com/images/ILSV1UzuQ6Ishvw6pXM1cXUB0.png","","Stream AI automation transforming a structured hypertension note into ICD and CPT codes, referral letters, and FMLA documentation, with HCC support coming soon.","true","true","Administrative Tasks, Handled Automatically","Let Stream handle codes, letters, and forms so you can focus on care.","<p>Every note you write in Stream already contains the information needed to complete the administrative work that follows. Instead of treating those downstream steps as afterthoughts, Stream automates them directly from your structured documentation — so you spend less time retyping and more time moving forward.</p><p>From each assessment and plan, Stream intelligently proposes <strong>ICD and CPT codes</strong> that match the problems you addressed. You can review, confirm, or adjust them instantly — without switching screens or scrolling through code libraries. Everything remains transparent and clinician-controlled: Stream recommends; you decide.</p><p>That same contextual intelligence powers <strong>referrals, letters, and forms</strong>.</p><p>Because every note in Stream is organized by problem, the system can generate <strong>problem-specific documents</strong> automatically — referral letters that summarize the relevant history and plan for asthma, or FMLA forms that capture the right details for back pain — all without copying and pasting.</p><p>Stream’s automation doesn’t mean loss of nuance; it means removing repetition. Each document still reflects your words and your judgment, only faster.</p><p>And soon, Stream will extend these capabilities with <strong>HCC recommendations</strong> and <strong>Task Management</strong>, creating a seamless bridge from documentation to next steps — follow-ups, reminders, and shared team tasks, all grounded in the same problem-based structure.</p><p>At its core, Stream handles the administrative weight of medicine the same way it handles documentation itself:</p><p><strong>intelligently, transparently, and always under your command.</strong></p>","AI for Medical Coding & Admin Automation | Stream","Easily generate ICD & CPT suggestions (HCC coming soon), letters, and summaries.","","Document card with gear icon feeding stacked output chips: ICD-10 (E11.9), CPT (99214), HCC 18, Referral, Summary.","<p>medical coding automation; ai medical billing; reduce administrative burden; clinical letters; referral summary</p>","Administrative Tasks, Handled Automatically","The paperwork that does itself — with your approval.","Automation flow from note to codes, referral, and summary chips.","Automate administrative tasks","https://stream.riverrecords.ai/onboard/pro","","","<ul><li data-preset-tag=""p""><p>ICD, CPT, and (coming soon!) HCC suggestions</p></li><li data-preset-tag=""p""><p>Referral and letter drafts</p></li><li data-preset-tag=""p""><p>Configurable templates</p></li><li data-preset-tag=""p""><p>Export or copy to EHR</p></li></ul>","transcribe-dictate-instruct; problem-based-organization; integrations","WebPage","3","Are codes auto-submitted to payers?","No. Stream suggests codes; you review and submit via your billing workflow or EHR.","Can I customize letter templates?","Yes. Use editable templates for referrals, forms, and patient letters","Will Stream over-code?","Stream recommends codes from problem names and leaves final control to the clinician to prevent upcoding risks.","<div><iframe src=""https://www.loom.com/embed/34f06454435c45a7b7ea3ac83c1ae9a2"" frameborder=""0"" webkitallowfullscreen mozallowfullscreen allowfullscreen style=""position: absolute; top: 0; left: 0; width: 100%; height: 100%;""></iframe></div>"
"patient-problem-summaries","false","Patient and Problem Summaries","<p>Generate concise summaries at the problem level and or patient level.</p>","https://framerusercontent.com/images/tkKLZRJclGvAhwSkY5k9ek8dZA.png","Illustration showing multiple problem summary cards combining into a single patient summary, symbolizing Stream’s ability to synthesize problem-based documentation into a clear longitudinal overview.","Illustration showing multiple problem summary cards combining into a single patient summary, symbolizing Stream’s ability to synthesize problem-based documentation into a clear longitudinal overview.","true","true","Patient & Problem Summaries — Clear, Shareable, Actionable","Summaries you can trust — by problem or across the chart — ready for referrals, handoffs, and follow-ups.","<p>Every problem tells a story — and Stream keeps each one coherent.</p><p>In traditional EHRs, reviewing a patient means flipping through a stack of disconnected notes, trying to reconstruct the clinical narrative. In Stream, that story is already organized for you.</p><p>Each medical problem — hypertension, asthma, fatigue, depression — maintains its own <strong>longitudinal summary</strong>, built from the documentation you’ve already written. When you open a problem, you see its history at a glance: what changed, what’s ongoing, and what’s planned next.</p><p>These summaries are more than static text; they’re living overviews that update automatically as new encounters are created. You can scroll back through time by problem or view the same data encounter by encounter.</p><p>And because each problem summary reflects structured, problem-based documentation, Stream can instantly assemble a <strong>Patient Summary</strong> — a clear, unified snapshot of the entire patient, built from the most recent version of every active problem.</p><p>The result:</p><ul><li data-preset-tag=""p""><p>No more flipping between encounters to see progress.</p></li><li data-preset-tag=""p""><p>No more confusion about what’s current versus outdated.</p></li><li data-preset-tag=""p""><p>No more copying forward just to remember what changed.</p></li></ul><p>With Stream, continuity doesn’t have to be recreated — it’s already there.</p><p>Whether reviewing a single problem or the whole patient, Stream gives you an immediate, accurate, and effortless overview of care.</p>","Patient & Problem Summaries in Stream","Summaries that are readable, reusable, and ready to share.","","Stack of summary cards: Problem Summary and Patient Summary with key bullets.","<p>ai chart summary; patient summary; problem summary; referral packet; handoff tools</p>","Patient & Problem Summaries — Clear, Shareable, Actionable","Clean summaries for referrals and handoffs.","Stacked summary cards with concise bullets.","Start Summarizing Patient Records ","stream.riverrecords.ai/onboard/pro","See summary examples","https://www.riverrecords.ai/how-it-works#summaries","<ul><li data-preset-tag=""p""><p>Problem-level summaries</p></li><li data-preset-tag=""p""><p>Patient-level rollups</p></li><li data-preset-tag=""p""><p>What-changed highlights</p></li><li data-preset-tag=""p""><p>Referral and prior-auth ready</p></li><li data-preset-tag=""p""><p>Copy or export anywhere</p></li></ul>","clinical-context-continuity; show-diffs-micro-updates; administrative-automation","WebPage","5","How do I generate a summary? ","One click. Recap to generate a summary for any problem. ","Are summaries editable?","Unfortunately not at this time, but reach out to hello@riverrecords.ai to let us know your thoughts.","Can I export a summary?","Yes. Copy and paste a summary wherever you need it. ",""
"problem-based-organization","false","Problem-Based Organization","<p>Problem-oriented notes without the grunt work.</p>","https://framerusercontent.com/images/C7O0FXhCgk50i62iB6I3u7J4oo.png","","Illustration comparing a cluttered EHR note to Stream’s clean problem-based organization, with separate sections for Hypertension, Diabetes with complications, and Anxiety Disorder.","true","true","Problem-Based Organization — Clarity by Problem, Not by Page","Every encounter is organized by problem with linked A/P and updates — built for reviewability.","<p>Every chart tells a story — but only if it’s organized by what actually matters: the patient’s medical problems.</p><p>Stream replaces the EHR’s encounter-centered chaos with a truly problem-based structure. Instead of forcing you to navigate pages of unstructured notes, Stream builds your documentation around clearly defined, clinician-controlled problems — like <em>Hypertension</em>, <em>Type 2 Diabetes Mellitus</em>, or <em>Anxiety Disorder.</em></p><p>During each encounter, Stream intelligently scans your transcript and scratchpad to identify the problems that were discussed. You review and confirm the list — editing names or combining issues however you prefer. “Hypertension” can stay simple, or you can specify “Essential Hypertension”; Stream respects your language.</p><p>Each confirmed title becomes part of the <strong>patient’s problem list</strong>, serving as both the foundation for today’s note and the structure for ongoing continuity.</p><p>ICD codes are automatically recommended from each problem title, but they’re secondary — organization is always clinical first, billing second. Multiple ICDs can attach to a single problem to simplify your workflow. For example, <em>Type 2 Diabetes Mellitus with nephropathy and neuropathy</em> can live comfortably under a single, unified problem — not scattered across two redundant sections.</p><p>Problems can later be merged or edited, and each one carries its own longitudinal history over time.</p><p>The result is a chart that reflects clinical reality: flexible, intuitive, and built to evolve with the patient.</p><p>Stream’s problem-based structure means you spend less time looking for information and more time understanding it.</p><p>It’s the foundation of Stream’s entire ecosystem — clarity, continuity, and context, all organized by problem.</p>","Problem-Based Organization in AI Scribes | Stream","Stream organizes notes by problem to make reviews fast and changes obvious.","","Side-by-side of cluttered EHR text versus clean problem cards for Hypertension, Asthma, and Diabetes with Assessment and Plan.","<p>problem oriented documentation; reviewable notes; less duplication; structured charting</p>","Problem-Based Organization — Clarity by Problem, Not by Page","Organized by problem with linked Assessment and Plan.","Comparison: cluttered note versus clean problem cards.","Maintain your problem lists","stream.riverrecords.ai/onboard/pro","See organization view","","<ul><li data-preset-tag=""p""><p>Grouped by problem</p></li><li data-preset-tag=""p""><p>Linked Assessment and Plan</p></li><li data-preset-tag=""p""><p>Less duplication</p></li><li data-preset-tag=""p""><p>Faster review</p></li><li data-preset-tag=""p""><p>Clean updates</p></li></ul>","clinical-context-continuity; show-diffs-micro-updates; administrative-automation","WebPage","11","Do I lose SOAP?","No. Stream supports SOAP within each problem or encounter as you prefer.","What about problems that span specialties?","Cross-links let a problem live in multiple contexts with one source of truth.","Can I reorder problems?","Yes. Drag to reorder and set favorites for quick access.",""
"show-diffs-micro-updates","true","Show Diffs & Micro Updates","<p>Reduce redocumentation and make change review obvious.</p>","","","Highlighted diffs with a micro-update chip on a problem card.","false","false","Show Diffs & Micro Updates — See What Changed Instantly","Highlight new versus carried-forward content and make small updates without rewriting.","<p>Stream highlights new text versus carried-forward content and supports tiny micro updates to chronic problems. Review faster, update safely, and keep notes honest.</p>","Show Diffs & Micro Updates | Stream","Instantly see what is new and update chronic problems without rewriting.","","Two panes or lines with highlights showing new versus carried forward and a micro-update chip.","<p>ai note diffs; chronic care documentation; reduce redocumentation; change tracking</p>","Show Diffs & Micro Updates — See What Changed Instantly","Highlights make new content obvious; micro updates reduce retyping.","Highlighted diffs with a micro-update chip.","Start 30-day free trial","https://www.riverrecords.ai","See Diffs in action","https://www.riverrecords.ai/how-it-works#diffs","<p>New versus carried-forward highlighting • Micro updates • Audit-friendly • Cleaner chronic care notes • Safer sign-offs</p>","clinical-context-continuity; problem-based-organization","WebPage","12","How are diffs determined?","By comparing current versus prior problem or encounter content with semantic and lexical checks.","Will micro updates create duplication?","No. Updates replace or append precisely within the problem’s context.","Is there an audit trail?","Yes. Diffs and updates are logged for review.",""
"integrations","false","Integrations","<p>Connect Stream to your daily tools and EHR.</p>","","","Integrations concept across EHR, browser, and mobile.","false","false","Integrations — Stream Fits Where You Work","Use Stream in the browser, on mobile, and alongside your EHR including Intrahealth.","<p>Stream works wherever you do: browser, mobile dictation, or embedded alongside your EHR. Export codes and summaries, and copy structured content with minimal clicks.</p>","AI Scribe Integrations with EHR & Tools | Stream","Stream integrates with your workflow so documentation does not slow you down.","","Logos or abstract icons for EHR, browser, and mobile with arrows to a Stream card.","<p>ai scribe EHR integration; intrahealth integration; mobile dictation; export codes</p>","Integrations — Stream Fits Where You Work","Use Stream with your EHR and daily tools.","Icons for EHR, browser, and mobile feeding a Stream card.","Start 30-day free trial","stream.riverrecords.ai/onboard/pro","","","<ul><li data-preset-tag=""p""><p>Browser and mobile</p></li><li data-preset-tag=""p""><p>EHR side by side</p></li><li data-preset-tag=""p""><p>Copy or export structured content</p></li><li data-preset-tag=""p""><p>Code export</p></li><li data-preset-tag=""p""><p>Referral or summary export</p></li></ul>","administrative-automation; transcribe-dictate-instruct; security-privacy","WebPage","13","Do I need IT to get started?","Most clinics start same day in the browser; deeper EHR options vary by vendor.","Does Stream change my note format in the EHR?","No. You control how content is inserted or attached.","Can I integrate later?","Yes. Start lightweight and deepen integration as you grow.",""
"security-privacy","false","Security & Privacy","<p>Document confidently with clear, simple privacy controls.</p>","","","Shield or lock icon representing HIPAA-minded design next to a masked Stream card.","true","true","Security & Privacy — Designed for Trust","HIPAA-minded from day one. Transparent PHI handling, encryption in transit and at rest, and clear retention and audit controls.","<p>Stream minimizes PHI exposure, encrypts data in transit and at rest, and provides transparent retention policies. Built for clinical use with strict access controls and audit logging.</p>","HIPAA-Minded AI Medical Scribe | Security & Privacy | Stream","Built for healthcare: encrypted, access-controlled, and transparent PHI handling.","","Shield or lock icon beside a Stream card with masked PHI elements.","<p>hipaa compliant ai scribe; phi security; medical data privacy; audit logging</p>","Security & Privacy — Designed for Trust","Built for HIPAA-minded use with clear retention and access controls.","Shield or lock icon and masked PHI elements.","Start 30-day free trial","stream.riverrecords.ai/onboard/pro","Read privacy overview","/privacy-policy","<ul><li data-preset-tag=""p""><p>Two Factor Authentication</p></li><li data-preset-tag=""p""><p>Encryption in transit and at rest</p></li><li data-preset-tag=""p""><p>Access controls and audit logs</p></li><li data-preset-tag=""p""><p>Transparent retention</p></li><li data-preset-tag=""p""><p>Least-privilege design</p></li><li data-preset-tag=""p""><p>No hidden sharing</p></li></ul>","integrations; administrative-automation; clinical-context-continuity","WebPage","14","Is Stream HIPAA compliant?","Yes! Stream is HIPAA compliant and supports BAAs for covered entities.","Where is data stored?","Data is stored in secure, region-appropriate infrastructure with encryption at rest and in transit.","Can I control retention?","Yes. Retention policies are configurable per organization. Reach out to learn more: support@riverrecords.ai",""